{
  "Quantum LSTM": {
    "MAE": 0.3491322769863231,
    "RMSE": 0.3492825675955487,
    "MAPE": 0.27476077445870306,
    "SMAPE": 0.3185459561963492,
    "R2": 0.0,
    "Corr": 0.2673624473827818
  },
  "Quantum NeuralProphet": {
    "MAE": 0.13796425005718782,
    "RMSE": 0.13833130058888082,
    "MAPE": 0.10866463252186909,
    "SMAPE": 0.10303171257606399,
    "R2": 0.0,
    "Corr": 0.4928870236400698
  }
}