{
  "Quantum LSTM": {
    "MAE": 0.09090761574237209,
    "RMSE": 0.09142555440280493,
    "MAPE": 0.07151487944484267,
    "SMAPE": 0.06901612856990955,
    "R2": 0.0,
    "Corr": 0.13860480651812204
  },
  "Quantum NeuralProphet": {
    "MAE": 0.12981064877450887,
    "RMSE": 0.1301802724598562,
    "MAPE": 0.1020947107962036,
    "SMAPE": 0.0971054421700349,
    "R2": 0.0,
    "Corr": 0.2437500070285309
  }
}